{"sliders":[{"name":"Kubernetes at Scale","alias":"kubernetes_at_scale","layout":"fixed","responsive":"1","startWidth":"1440","startHeight":"800","automaticSlide":"1","showControls":"1","showNavigation":"1","enableSwipe":"1","showProgressBar":"1","pauseOnHover":"1","randomOrder":"0","startFromSlide":"0","callbacks":"beforeStart : function() {},\nbeforeSetResponsive : function() {},\nbeforeSlideStart : function() {},\nbeforePause\t: function() {},\nbeforeResume : function() {},","fromDate":"1000-01-01 00:00:00","toDate":"9999-12-31 23:59:59"}],"slides":[{"position":"0","draft":"0","background_type_image":"aks1.jpg","background_type_color":"transparent","background_type_color_input":"0","background_propriety_position_x":"center","background_propriety_position_y":"center","background_repeat":"no-repeat","background_propriety_size":"cover","data_in":"fade","data_out":"fade","data_time":"3000","data_easeIn":"300","data_easeOut":"300","link":"","link_new_tab":"0","custom_css":""}]}